{"cameraMode":{"drawMode":0,"name":"Shaded","section":"Shading Mode"},"sceneLighting":false,"audioPlay":false,"sceneViewState":{"m_AlwaysRefresh":false,"showFog":true,"showSkybox":false,"showFlares":true,"showImageEffects":true,"showParticleSystems":true,"showVisualEffectGraphs":true,"m_FxEnabled":true},"in2DMode":false,"pivot":{"x":-8.287160873413086,"y":0.3955618739128113,"z":0.9870679378509522},"rotation":{"x":0.17654159665107728,"y":-0.7065492272377014,"z":0.18939536809921266,"w":0.6586093306541443},"size":2.1005194187164308,"orthographic":false}