{"cameraMode":{"drawMode":0,"name":"Shaded","section":"Shading Mode"},"sceneLighting":false,"audioPlay":false,"sceneViewState":{"m_AlwaysRefresh":false,"showFog":true,"showSkybox":false,"showFlares":true,"showImageEffects":true,"showParticleSystems":true,"showVisualEffectGraphs":true,"m_FxEnabled":true},"in2DMode":false,"pivot":{"x":0.03377651423215866,"y":0.1063305214047432,"z":0.0012909173965454102},"rotation":{"x":0.07328972220420838,"y":0.7612596154212952,"z":-0.0873994529247284,"w":0.638343870639801},"size":1.6148178577423096,"orthographic":false}