{"cameraMode":{"drawMode":0,"name":"Shaded","section":"Shading Mode"},"sceneLighting":false,"audioPlay":false,"sceneViewState":{"m_AlwaysRefresh":false,"showFog":true,"showSkybox":false,"showFlares":true,"showImageEffects":true,"showParticleSystems":true,"showVisualEffectGraphs":true,"m_FxEnabled":true},"in2DMode":false,"pivot":{"x":-0.33393704891204836,"y":0.9486465454101563,"z":0.00017052888870239258},"rotation":{"x":-0.05718313902616501,"y":0.9294332265853882,"z":-0.16342565417289735,"w":-0.3261343240737915},"size":3.4186558723449709,"orthographic":false}