{"cameraMode":{"drawMode":0,"name":"Shaded","section":"Shading Mode"},"sceneLighting":false,"audioPlay":false,"sceneViewState":{"m_AlwaysRefresh":false,"showFog":true,"showSkybox":false,"showFlares":true,"showImageEffects":true,"showParticleSystems":true,"showVisualEffectGraphs":true,"m_FxEnabled":true},"in2DMode":false,"pivot":{"x":-1.404261589050293,"y":1.4856411218643189,"z":3.1241655349731447},"rotation":{"x":-0.032155416905879977,"y":0.44436392188072207,"z":0.01617531105875969,"w":0.895232081413269},"size":0.7186562418937683,"orthographic":false}