{"cameraMode":{"drawMode":0,"name":"Shaded","section":"Shading Mode"},"sceneLighting":false,"audioPlay":false,"sceneViewState":{"m_AlwaysRefresh":false,"showFog":true,"showSkybox":false,"showFlares":true,"showImageEffects":true,"showParticleSystems":true,"showVisualEffectGraphs":true,"m_FxEnabled":true},"in2DMode":false,"pivot":{"x":-0.015000000596046448,"y":0.10414858162403107,"z":-0.10100000351667404},"rotation":{"x":0.13096201419830323,"y":-0.6383894681930542,"z":0.111429862678051,"w":0.7502703070640564},"size":0.03779098019003868,"orthographic":false}