{"cameraMode":{"drawMode":0,"name":"Shaded","section":"Shading Mode"},"sceneLighting":false,"audioPlay":false,"sceneViewState":{"m_AlwaysRefresh":false,"showFog":true,"showSkybox":false,"showFlares":true,"showImageEffects":true,"showParticleSystems":true,"showVisualEffectGraphs":true,"m_FxEnabled":true},"in2DMode":false,"pivot":{"x":4.172013282775879,"y":0.4663478136062622,"z":22.072490692138673},"rotation":{"x":0.07044275850057602,"y":0.00028753018705174327,"z":-0.000014670002201455645,"w":0.9975267052650452},"size":2.2509255409240724,"orthographic":false}