{"cameraMode":{"drawMode":0,"name":"Shaded","section":"Shading Mode"},"sceneLighting":false,"audioPlay":false,"sceneViewState":{"m_AlwaysRefresh":false,"showFog":true,"showSkybox":false,"showFlares":true,"showImageEffects":true,"showParticleSystems":true,"showVisualEffectGraphs":true,"m_FxEnabled":true},"in2DMode":false,"pivot":{"x":-0.09970000386238098,"y":0.15155208110809327,"z":0.0018367432057857514},"rotation":{"x":0.19252268970012666,"y":-0.48518815636634829,"z":0.11043616384267807,"w":0.8457884788513184},"size":3.1040406227111818,"orthographic":false}