{"cameraMode":{"drawMode":0,"name":"Shaded","section":"Shading Mode"},"sceneLighting":false,"audioPlay":false,"sceneViewState":{"m_AlwaysRefresh":false,"showFog":true,"showSkybox":true,"showFlares":true,"showImageEffects":true,"showParticleSystems":true,"showVisualEffectGraphs":true,"m_FxEnabled":true},"in2DMode":false,"pivot":{"x":211.90513610839845,"y":-4.774472236633301,"z":-91.72920227050781},"rotation":{"x":-0.07231014221906662,"y":-0.5204612612724304,"z":0.044291649013757709,"w":-0.8496720194816589},"size":0.7800183296203613,"orthographic":true}