{"cameraMode":{"drawMode":0,"name":"Shaded","section":"Shading Mode"},"sceneLighting":false,"audioPlay":false,"sceneViewState":{"m_AlwaysRefresh":false,"showFog":true,"showSkybox":false,"showFlares":true,"showImageEffects":true,"showParticleSystems":true,"showVisualEffectGraphs":true,"m_FxEnabled":true},"in2DMode":false,"pivot":{"x":-0.09271901845932007,"y":0.004123568534851074,"z":-0.7135452628135681},"rotation":{"x":0.08043771237134934,"y":0.9119948148727417,"z":-0.21624113619327546,"w":0.33923766016960146},"size":3.007394790649414,"orthographic":false}