{"cameraMode":{"drawMode":0,"name":"Shaded","section":"Shading Mode"},"sceneLighting":false,"audioPlay":false,"sceneViewState":{"m_AlwaysRefresh":false,"showFog":true,"showSkybox":false,"showFlares":true,"showImageEffects":true,"showParticleSystems":true,"showVisualEffectGraphs":true,"m_FxEnabled":true},"in2DMode":false,"pivot":{"x":-0.11951887607574463,"y":0.12494111061096192,"z":-0.004848361015319824},"rotation":{"x":0.20707571506500245,"y":-0.6439372301101685,"z":0.18718968331813813,"w":0.7123489379882813},"size":0.8701826333999634,"orthographic":false}