{"cameraMode":{"drawMode":0,"name":"Shaded","section":"Shading Mode"},"sceneLighting":true,"audioPlay":false,"sceneViewState":{"m_AlwaysRefresh":false,"showFog":true,"showSkybox":false,"showFlares":true,"showImageEffects":true,"showParticleSystems":true,"showVisualEffectGraphs":true,"m_FxEnabled":true},"in2DMode":false,"pivot":{"x":-0.0996999740600586,"y":0.19599997997283936,"z":0.0018367767333984376},"rotation":{"x":0.18477554619312287,"y":0.06921783089637757,"z":-0.013056729920208454,"w":0.9802666902542114},"size":2.4248712062835695,"orthographic":false}