{"cameraMode":{"drawMode":0,"name":"Shaded","section":"Shading Mode"},"sceneLighting":false,"audioPlay":false,"sceneViewState":{"m_AlwaysRefresh":false,"showFog":true,"showSkybox":false,"showFlares":true,"showImageEffects":true,"showParticleSystems":true,"showVisualEffectGraphs":true,"m_FxEnabled":true},"in2DMode":false,"pivot":{"x":77.10929870605469,"y":2.6695001125335695,"z":-118.61849975585938},"rotation":{"x":-0.21614404022693635,"y":-0.21610739827156068,"z":0.04911823570728302,"w":-0.9509207606315613},"size":0.017322968691587449,"orthographic":false}