{"cameraMode":{"drawMode":0,"name":"Shaded","section":"Shading Mode"},"sceneLighting":false,"audioPlay":false,"sceneViewState":{"m_AlwaysRefresh":false,"showFog":true,"showSkybox":false,"showFlares":true,"showImageEffects":true,"showParticleSystems":true,"showVisualEffectGraphs":true,"m_FxEnabled":true},"in2DMode":false,"pivot":{"x":-0.02605564147233963,"y":0.14611078798770905,"z":-0.08001165091991425},"rotation":{"x":0.1456604301929474,"y":-0.7165048122406006,"z":0.1572279930114746,"w":0.6638863682746887},"size":0.17160429060459138,"orthographic":false}