{"cameraMode":{"drawMode":0,"name":"Shaded","section":"Shading Mode"},"sceneLighting":false,"audioPlay":false,"sceneViewState":{"m_AlwaysRefresh":false,"showFog":true,"showSkybox":false,"showFlares":true,"showImageEffects":true,"showParticleSystems":true,"showVisualEffectGraphs":true,"m_FxEnabled":true},"in2DMode":false,"pivot":{"x":-0.003965497016906738,"y":0.7994029521942139,"z":0.0390738844871521},"rotation":{"x":-0.3412648141384125,"y":0.11465739458799362,"z":-0.041983187198638919,"w":-0.932004451751709},"size":1.382256269454956,"orthographic":false}