{"cameraMode":{"drawMode":0,"name":"Shaded","section":"Shading Mode"},"sceneLighting":true,"audioPlay":false,"sceneViewState":{"m_AlwaysRefresh":false,"showFog":true,"showSkybox":true,"showFlares":true,"showImageEffects":true,"showParticleSystems":true,"showVisualEffectGraphs":true,"m_FxEnabled":true},"in2DMode":false,"pivot":{"x":73.64533233642578,"y":0.21000005304813386,"z":-97.85843658447266},"rotation":{"x":-0.029025429859757425,"y":-0.9527002573013306,"z":0.2868952751159668,"w":-0.09638956934213638},"size":6.307395935058594,"orthographic":false}