{"cameraMode":{"drawMode":0,"name":"Shaded","section":"Shading Mode"},"sceneLighting":true,"audioPlay":false,"sceneViewState":{"m_AlwaysRefresh":false,"showFog":true,"showSkybox":true,"showFlares":true,"showImageEffects":true,"showParticleSystems":true,"showVisualEffectGraphs":true,"m_FxEnabled":true},"in2DMode":false,"pivot":{"x":75.04000091552735,"y":0.7099999785423279,"z":-133.7100067138672},"rotation":{"x":0.4514733850955963,"y":0.40128815174102785,"z":-0.23800218105316163,"w":0.7608262300491333},"size":14.818963050842286,"orthographic":false}