{"cameraMode":{"drawMode":0,"name":"Shaded","section":"Shading Mode"},"sceneLighting":true,"audioPlay":false,"sceneViewState":{"m_AlwaysRefresh":false,"showFog":true,"showSkybox":true,"showFlares":true,"showImageEffects":true,"showParticleSystems":true,"showVisualEffectGraphs":true,"m_FxEnabled":true},"in2DMode":false,"pivot":{"x":78.13445281982422,"y":0.9892435073852539,"z":-126.80382537841797},"rotation":{"x":-0.019846385344862939,"y":-0.9796920418739319,"z":0.15559075772762299,"w":-0.12500451505184174},"size":6.951124668121338,"orthographic":false}