{"cameraMode":{"drawMode":0,"name":"Shaded","section":"Shading Mode"},"sceneLighting":false,"audioPlay":false,"sceneViewState":{"m_AlwaysRefresh":false,"showFog":false,"showSkybox":false,"showFlares":false,"showImageEffects":false,"showParticleSystems":false,"showVisualEffectGraphs":true,"m_FxEnabled":true},"in2DMode":false,"pivot":{"x":-0.00003522634506225586,"y":0.8202120065689087,"z":0.0028377175331115724},"rotation":{"x":0.08043771237134934,"y":0.9119948148727417,"z":-0.21624113619327546,"w":0.33923766016960146},"size":1.3439555168151856,"orthographic":false}